{"stats":{"minecraft:picked_up":{"minecraft:birch_log":8,"minecraft:crafting_table":3,"spartanweaponry:iron_warhammer":1,"minecraft:cooked_beef":4,"minecraft:creeper_head":1,"minecraft:andesite":1,"minecraft:leather":3,"minecraft:stone_slab":1,"minecraft:wooden_pickaxe":1,"minecraft:flint":4,"minecraft:oak_log":19,"tombstone:grave_key":1,"minecraft:gunpowder":2,"minecraft:string":4,"minecraft:zombie_head":2,"minecraft:wheat_seeds":3,"minecraft:beef":6,"minecraft:grindstone":1,"minecraft:oak_boat":4,"minecraft:fletching_table":3,"minecraft:birch_sapling":1,"minecraft:egg":3,"minecraft:stick":2,"minecraft:raw_iron":22,"minecraft:sweet_berries":6,"spartanweaponry:simple_handle":1,"minecraft:torch":4,"minecraft:gravel":72,"tombstone:grave_dust":1,"minecraft:spruce_sapling":3,"minecraft:diorite":1,"minecraft:spruce_log":68,"minecraft:dark_oak_log":19,"spartanweaponry:pole":1,"minecraft:rotten_flesh":8,"minecraft:gray_wool":1,"minecraft:oak_sapling":3,"minecraft:mutton":2,"minecraft:coal":17,"minecraft:white_wool":1,"minecraft:cobblestone":58,"minecraft:ender_pearl":1},"minecraft:crafted":{"minecraft:cooked_beef":2,"minecraft:oak_planks":76,"minecraft:arrow":96,"minecraft:emerald":16,"spartanweaponry:iron_scythe":1,"morearmor:cobblestone_armor_helmet":1,"minecraft:crafting_table":3,"minecraft:spruce_planks":228,"minecraft:wooden_pickaxe":1,"minecraft:furnace":2,"spartanshields:stone_basic_shield":1,"minecraft:fletching_table":2,"minecraft:birch_planks":32,"minecraft:stone_axe":1,"minecraft:cooked_mutton":2,"minecraft:air":0,"simplyswords:iron_scythe":1,"minecraft:oak_boat":2,"morearmor:cobblestone_armor_boots":1,"morearmor:cobblestone_armor_chestplate":1,"minecraft:bow":1,"minecraft:shield":1,"morearmor:cobblestone_armor_leggings":1,"minecraft:stick":624,"minecraft:iron_ingot":11,"minecraft:stone_pickaxe":1,"minecraft:wooden_axe":1,"minecraft:stone_sword":1,"minecraft:chest":1,"spartanshields:wooden_basic_shield":1,"minecraft:dark_oak_planks":76,"minecraft:torch":16},"minecraft:killed":{"minecraft:spider":3,"minecraft:creeper":2,"minecraft:phantom":1,"minecraft:sheep":2,"minecraft:zombie":8,"minecraft:enderman":1,"minecraft:cow":3},"minecraft:mined":{"minecraft:dark_oak_log":19,"minecraft:crafting_table":3,"minecraft:torch":3,"minecraft:stone_slab":1,"minecraft:tall_grass":9,"minecraft:spruce_leaves":4,"minecraft:grindstone":1,"minecraft:wall_torch":1,"minecraft:birch_log":8,"minecraft:iron_ore":22,"minecraft:sweet_berry_bush":2,"minecraft:andesite":1,"minecraft:spruce_log":68,"minecraft:birch_leaves":19,"minecraft:fletching_table":3,"minecraft:grass":3,"minecraft:oak_log":19,"minecraft:coal_ore":21,"minecraft:gravel":72,"minecraft:stone":62,"minecraft:fern":1,"minecraft:oak_leaves":30},"minecraft:used":{"minecraft:cooked_mutton":2,"minecraft:diorite":1,"minecraft:stone_pickaxe":97,"minecraft:chest":1,"minecraft:wooden_pickaxe":12,"minecraft:fletching_table":4,"minecraft:torch":19,"minecraft:crafting_table":6,"minecraft:spruce_log":11,"minecraft:wooden_axe":20,"minecraft:gravel":52,"minecraft:stone_axe":115,"minecraft:bow":84,"minecraft:sweet_berries":6,"minecraft:furnace":2,"minecraft:oak_boat":5,"minecraft:egg":3,"minecraft:cooked_beef":4,"spartanweaponry:iron_scythe":12},"minecraft:killed_by":{"minecraft:player":1,"minecraft:zombie":1,"minecraft:enderman":1},"minecraft:custom":{"minecraft:interact_with_furnace":15,"minecraft:mob_kills":20,"minecraft:traded_with_villager":23,"minecraft:interact_with_crafting_table":25,"minecraft:interact_with_campfire":4,"minecraft:leave_game":2,"minecraft:time_since_death":12225,"minecraft:sleep_in_bed":4,"minecraft:climb_one_cm":2777,"minecraft:time_since_rest":11327,"minecraft:waystone_activated":1,"minecraft:sprint_one_cm":122701,"minecraft:damage_taken":854,"minecraft:walk_one_cm":204962,"minecraft:drop":5,"minecraft:damage_dealt":1065,"minecraft:talked_to_villager":9,"minecraft:fly_one_cm":173072,"minecraft:open_chest":8,"minecraft:crouch_one_cm":9534,"minecraft:deaths":3,"minecraft:play_time":62323,"tombstone:undead_killed":8,"minecraft:sneak_time":4151,"minecraft:boat_one_cm":6724,"minecraft:jump":1888,"minecraft:walk_on_water_one_cm":2130,"minecraft:total_world_time":62323,"minecraft:fall_one_cm":27213},"minecraft:dropped":{"minecraft:iron_ingot":4,"minecraft:emerald":8,"tombstone:grave_key":1,"minecraft:string":2}},"DataVersion":3120}