{"stats":{"minecraft:crafted":{"minecraft:wooden_sword":4,"minecraft:diamond_sword":1,"minecraft:crafting_table":3,"minecraft:wooden_pickaxe":1,"morearmor:emerald_armor_helmet":1,"minecraft:iron_axe":1,"morearmor:emerald_armor_leggings":1,"minecraft:stick":16,"minecraft:iron_pickaxe":1,"minecraft:wooden_axe":2,"morearmor:emerald_armor_chestplate":1,"morearmor:emerald_armor_boots":1},"minecraft:picked_up":{"minecraft:crafting_table":3,"minecraft:feather":1,"minecraft:chicken":1,"minecraft:crimson_planks":7,"minecraft:dirt":21,"minecraft:quartz_slab":2,"minecraft:purple_banner":1,"minecraft:bone":1,"minecraft:wheat_seeds":1,"minecraft:spruce_planks":27,"minecraft:oak_boat":1,"minecraft:spruce_slab":5,"minecraft:sugar_cane":3,"minecraft:egg":1,"minecraft:vindicator_spawn_egg":1,"minecraft:sheep_spawn_egg":1,"minecraft:sweet_berries":6,"minecraft:jungle_planks":15,"tombstone:grave_dust":1,"minecraft:purple_terracotta":5,"minecraft:rotten_flesh":1,"minecraft:jungle_stairs":2,"minecraft:emerald":30,"minecraft:mutton":3,"minecraft:white_wool":2},"minecraft:broken":{"minecraft:wooden_sword":1,"minecraft:wooden_axe":1},"minecraft:killed":{"minecraft:vindicator":64,"minecraft:phantom":12,"minecraft:sheep":3,"minecraft:skeleton":1,"minecraft:pillager":2,"minecraft:chicken":1,"minecraft:drowned":1},"minecraft:mined":{"minecraft:spruce_planks":27,"minecraft:jungle_slab":2,"minecraft:crafting_table":3,"minecraft:jungle_stairs":3,"minecraft:purple_terracotta":5,"minecraft:grass_block":21,"minecraft:jungle_planks":16,"minecraft:sugar_cane":1,"minecraft:spawner":1,"minecraft:large_fern":1,"minecraft:sweet_berry_bush":1,"minecraft:grass":3,"minecraft:quartz_slab":1,"minecraft:crimson_planks":8,"minecraft:spruce_slab":5},"minecraft:used":{"minecraft:spruce_slab":3,"minecraft:spruce_planks":4,"minecraft:wooden_pickaxe":8,"aquaculture:capitaine":1,"minecraft:sheep_spawn_egg":1,"minecraft:dirt":14,"minecraft:mutton":1,"minecraft:crafting_table":6,"morearmor:emerald_armor_boots":1,"minecraft:purple_terracotta":4,"minecraft:wooden_axe":68,"morearmor:emerald_armor_chestplate":1,"minecraft:iron_helmet":1,"minecraft:crimson_planks":7,"minecraft:wooden_sword":159,"minecraft:diamond_sword":164,"minecraft:sweet_berries":8,"tombstone:gift":6,"minecraft:egg":1,"minecraft:iron_leggings":1},"minecraft:killed_by":{"minecraft:vindicator":6,"minecraft:player":1,"minecraft:skeleton":2,"minecraft:stray":1,"minecraft:enderman":1},"minecraft:custom":{"minecraft:mob_kills":86,"tombstone:raider_killed":66,"minecraft:interact_with_crafting_table":17,"minecraft:open_barrel":11,"minecraft:leave_game":2,"minecraft:time_since_death":20205,"minecraft:time_since_rest":20104,"minecraft:sprint_one_cm":72736,"minecraft:damage_taken":2344,"minecraft:walk_one_cm":79408,"minecraft:drop":5,"minecraft:damage_dealt":16484,"minecraft:swim_one_cm":53910,"minecraft:fly_one_cm":151315,"minecraft:player_kills":2,"minecraft:open_chest":3,"minecraft:crouch_one_cm":11711,"minecraft:play_time":67580,"tombstone:undead_killed":2,"minecraft:deaths":11,"minecraft:sneak_time":6228,"minecraft:walk_under_water_one_cm":6118,"minecraft:boat_one_cm":229,"minecraft:jump":870,"minecraft:walk_on_water_one_cm":21010,"minecraft:total_world_time":67580,"minecraft:fall_one_cm":6258,"minecraft:inspect_dispenser":1},"minecraft:dropped":{"minecraft:jungle_slab":1,"tombstone:grave_key":1,"minecraft:wooden_sword":3}},"DataVersion":3120}