{"stats":{"minecraft:crafted":{"spartanweaponry:iron_scythe":1,"minecraft:spruce_button":1,"minecraft:cooked_chicken":4,"minecraft:furnace":2,"morearmor:cobblestone_armor_boots":1,"minecraft:iron_boots":1,"minecraft:iron_axe":1,"morearmor:cobblestone_armor_leggings":1,"minecraft:stone_pickaxe":1,"spartanweaponry:pole":1,"morearmor:cobblestone_armor_helmet":1,"minecraft:crafting_table":2,"minecraft:spruce_planks":76,"minecraft:wooden_pickaxe":1,"minecraft:iron_helmet":1,"minecraft:bowl":4,"spartanshields:stone_basic_shield":1,"minecraft:stone_axe":1,"minecraft:air":0,"minecraft:iron_chestplate":1,"minecraft:stick":24,"minecraft:iron_ingot":160,"minecraft:iron_pickaxe":2,"minecraft:iron_leggings":1,"spartanshields:wooden_basic_shield":1,"minecraft:torch":20,"minecraft:shears":1},"minecraft:picked_up":{"minecraft:coarse_dirt":3,"minecraft:crafting_table":6,"minecraft:stone_slab":1,"spartanweaponry:iron_katana":2,"minecraft:string":11,"minecraft:zombie_head":6,"bosses_of_mass_destruction:soul_star":1,"minecraft:poppy":3,"minecraft:sugar_cane":4,"minecraft:egg":2,"minecraft:furnace":4,"minecraft:raw_iron":182,"minecraft:stone":2,"minecraft:torch":128,"minecraft:porkchop":5,"tombstone:grave_dust":8,"minecraft:pointed_dripstone":1,"minecraft:diorite":3,"spartanweaponry:spider_head":1,"morearmor:cobblestone_armor_boots":1,"minecraft:zombie_spawn_egg":4,"minecraft:arrow":5,"minecraft:rotten_flesh":36,"minecraft:white_wool":2,"minecraft:skeleton_skull":1,"minecraft:cobblestone":158,"minecraft:oxeye_daisy":3,"minecraft:leather_chestplate":1,"spartanweaponry:iron_warhammer":1,"minecraft:andesite":81,"health_crystal:health_crystal_shard":2,"minecraft:golden_boots":2,"minecraft:gunpowder":3,"minecraft:lapis_lazuli":14,"minecraft:dirt":11,"minecraft:bone":9,"minecraft:wheat_seeds":2,"minecraft:raw_gold":12,"minecraft:stone_pickaxe":1,"minecraft:iron_ingot":2,"minecraft:gravel":2,"minecraft:dripstone_block":2,"morearmor:cobblestone_armor_leggings":1,"minecraft:spruce_log":19,"minecraft:cyan_bed":2,"minecraft:spider_eye":2,"spartanweaponry:iron_battle_hammer":1,"morearmor:cobblestone_armor_helmet":1,"minecraft:bundle":2,"minecraft:purple_bed":2,"tombstone:magic_scroll":1,"minecraft:coal":145},"minecraft:mined":{"minecraft:grass_block":7,"minecraft:oxeye_daisy":1,"minecraft:furnace":4,"minecraft:iron_ore":182,"minecraft:andesite":82,"minecraft:packed_ice":4,"minecraft:stone":160,"minecraft:white_wool":1,"minecraft:crafting_table":6,"minecraft:torch":12,"minecraft:poppy":1,"minecraft:stone_slab":1,"minecraft:tall_grass":6,"minecraft:cobblestone":1,"minecraft:lapis_ore":2,"minecraft:cyan_bed":2,"minecraft:sugar_cane":2,"minecraft:diorite":3,"minecraft:wall_torch":117,"minecraft:purple_bed":2,"minecraft:coarse_dirt":3,"minecraft:ice":1,"minecraft:spruce_log":19,"health_crystal:health_crystal_ore":1,"minecraft:grass":12,"minecraft:coal_ore":78,"minecraft:dripstone_block":2,"minecraft:dirt":3,"minecraft:gold_ore":12,"minecraft:oak_leaves":3},"minecraft:killed_by":{"minecraft:player":2,"minecraft:skeleton":2,"minecraft:zombie":2},"minecraft:custom":{"minecraft:mob_kills":83,"minecraft:interact_with_crafting_table":23,"minecraft:open_barrel":7,"minecraft:leave_game":7,"minecraft:time_since_death":43429,"minecraft:climb_one_cm":218,"minecraft:sprint_one_cm":292492,"minecraft:walk_one_cm":188740,"minecraft:damage_blocked_by_shield":1397,"minecraft:drop":43,"minecraft:talked_to_villager":2,"minecraft:play_time":108717,"minecraft:deaths":6,"minecraft:sneak_time":6614,"minecraft:walk_under_water_one_cm":4291,"minecraft:jump":2612,"minecraft:walk_on_water_one_cm":6333,"minecraft:total_world_time":108717,"minecraft:interact_with_furnace":59,"minecraft:sleep_in_bed":5,"minecraft:time_since_rest":4724,"minecraft:waystone_activated":2,"minecraft:damage_taken":1039,"minecraft:damage_dealt":16575,"minecraft:swim_one_cm":2712,"minecraft:fly_one_cm":553274,"minecraft:open_chest":6,"minecraft:crouch_one_cm":12975,"tombstone:undead_killed":52,"tombstone:villager_killed":1,"minecraft:fall_one_cm":50444},"minecraft:used":{"minecraft:spruce_planks":13,"minecraft:zombie_spawn_egg":1,"minecraft:cooked_chicken":4,"minecraft:rotten_flesh":4,"minecraft:torch":137,"minecraft:dirt":5,"minecraft:wooden_axe":5,"minecraft:iron_axe":20,"minecraft:furnace":4,"spartanweaponry:iron_battle_hammer":56,"tombstone:gift":5,"minecraft:skeleton_skull":1,"minecraft:egg":2,"minecraft:powder_snow_bucket":2,"minecraft:pointed_dripstone":1,"minecraft:golden_boots":1,"minecraft:water_bucket":11,"minecraft:diorite":1,"minecraft:snow_block":8,"minecraft:stone_pickaxe":131,"minecraft:leather_chestplate":1,"minecraft:wooden_pickaxe":19,"minecraft:white_wool":1,"minecraft:crafting_table":7,"spartanweaponry:spider_head":1,"minecraft:oxeye_daisy":1,"minecraft:bread":1,"minecraft:zombie_head":6,"spartanshields:stone_basic_shield":34,"minecraft:cyan_bed":1,"minecraft:iron_pickaxe":383,"minecraft:stone_slab":1,"minecraft:stone_axe":39,"minecraft:cobblestone":87,"minecraft:purple_bed":2,"minecraft:cooked_porkchop":3,"minecraft:bucket":13,"minecraft:andesite":76,"minecraft:coarse_dirt":3,"spartanweaponry:iron_scythe":95},"minecraft:dropped":{"minecraft:golden_boots":2,"minecraft:wheat_seeds":2,"minecraft:dripstone_block":2,"minecraft:cobblestone":6,"minecraft:spruce_button":1,"minecraft:oxeye_daisy":2,"minecraft:dirt":2,"minecraft:diorite":2,"tombstone:grave_key":1,"minecraft:wooden_axe":2,"spartanweaponry:iron_katana":2,"minecraft:gravel":2,"morearmor:cobblestone_armor_helmet":2,"minecraft:stone_axe":1,"minecraft:pointed_dripstone":2,"minecraft:rotten_flesh":6,"morearmor:cobblestone_armor_leggings":2,"minecraft:poppy":2,"minecraft:leather_chestplate":2,"spartanweaponry:iron_warhammer":1,"minecraft:potato":1,"simplyswords:iron_scythe":1,"minecraft:stone":2,"minecraft:andesite":5,"morearmor:cobblestone_armor_boots":2,"minecraft:spider_eye":2,"minecraft:wooden_pickaxe":1,"minecraft:stone_pickaxe":1},"minecraft:killed":{"minecraft:spider":8,"creeperoverhaul:dripstone_creeper":2,"minecraft:phantom":3,"minecraft:skeleton":7,"creeperoverhaul:cave_creeper":4,"minecraft:pig":2,"minecraft:zombie_villager":1,"minecraft:creeper":5,"minecraft:zombie":44,"minecraft:villager":1,"minecraft:enderman":1},"minecraft:broken":{"spartanweaponry:iron_battle_hammer":1,"minecraft:stone_pickaxe":1,"minecraft:iron_pickaxe":1}},"DataVersion":3120}